t_ms,node_1_x,node_1_y,node_1_light
35,90.4,90.4,0
75,90.4,90.4,0
116,90.4,90.4,0
156,90.4,90.4,0
196,90.4,90.4,0
237,90.4,90.4,0
277,90.4,90.4,0
318,90.4,90.4,0
358,90.4,90.4,0
399,90.4,90.4,0
439,90.4,90.4,0
480,90.4,90.4,1
521,90.4,90.4,1
561,90.4,90.4,1
602,90.4,90.4,1
642,90.4,90.4,1
682,90.4,90.4,1
723,90.4,90.4,1
763,90.4,90.4,0
805,90.4,90.4,0
846,90.4,90.4,0
886,90.4,90.4,0
927,90.4,90.4,0
967,90.4,90.4,0
1008,90.4,90.4,0
1048,90.4,90.4,1
1090,90.4,90.4,1
1130,90.4,90.4,1
1171,90.4,90.4,1
1211,89.6,90.4,1
1252,87.5,90.4,1
1293,84.0,90.4,0
1335,80.5,90.4,0
1376,75.5,90.4,0
1417,66.4,90.4,0
1458,62.1,90.4,0
1499,57.2,90.4,0
1541,51.5,89.6,0
1582,49.4,93.2,1
1623,47.3,100.2,1
1664,47.3,108.0,1
1705,48.0,115.8,1
1747,48.0,122.8,1
1788,48.0,129.9,1
1829,48.0,136.2,1
1870,48.7,141.9,1
1911,48.7,146.1,0
1952,49.4,150.4,0
1993,50.8,156.7,0
2034,55.1,163.1,0
2075,64.2,168.0,0
2116,79.1,173.6,0
2157,90.4,175.8,0
2198,90.4,176.5,1
2239,90.4,176.5,1
2279,91.1,175.1,1
2320,93.2,174.4,1
2361,96.7,173.6,1
2402,100.2,172.2,1
2443,107.3,171.5,1
2484,114.4,171.5,1
2525,119.3,170.8,1
2566,129.9,170.1,1
2607,139.1,166.6,1
2648,144.7,162.4,1
2689,155.3,148.9,1
2730,161.6,141.9,1
2771,166.6,134.1,1
2812,169.4,125.6,1
2853,170.8,118.6,1
2894,172.9,109.4,1
2935,175.1,103.1,1
2976,175.8,96.0,1
3017,175.8,90.4,1
3058,175.8,90.4,1
3099,175.8,90.4,1
3139,175.8,90.4,1
3180,175.1,89.6,1
3221,172.9,82.6,1
3262,169.4,72.7,1
3303,160.9,62.8,1
3344,148.2,52.9,1
3385,136.9,45.9,1
3426,125.6,39.5,1
3467,113.6,33.9,1
3508,103.8,31.1,1
3549,94.6,28.9,1
3591,91.1,27.5,1
3632,90.4,27.5,1
3673,90.4,27.5,1
3714,90.4,27.5,1
3754,90.4,27.5,1
3795,90.4,27.5,1
3835,90.4,26.8,1
3876,93.9,22.6,1
3917,100.2,15.5,1
3958,104.5,9.2,1
3999,107.3,1.4,1
4040,110.8,0.0,1
4081,117.9,0.0,1
4122,127.8,0.0,1
4163,138.4,0.0,1
4204,148.9,0.0,1
4245,160.2,0.0,1
4286,169.4,1.4,1
4327,179.3,10.6,1
4368,180.0,20.5,1
4409,180.0,36.0,1
4450,180.0,41.6,1
4491,180.0,51.5,1
4532,180.0,59.3,1
4574,180.0,67.8,1
4617,180.0,76.9,1
4658,180.0,90.4,1
4699,180.0,90.4,0
4741,180.0,89.6,0
4782,180.0,92.5,0
4823,180.0,98.1,0
4864,180.0,104.5,0
4905,176.5,114.4,0
4946,172.2,122.8,0
4987,168.7,129.9,0
5028,164.5,136.2,0
5070,160.9,141.2,0
5111,156.7,146.1,1
5152,149.6,151.1,1
5193,143.3,156.7,1
5234,136.2,161.6,1
5275,126.4,162.4,1
5316,113.6,163.1,1
5357,97.4,163.8,1
5398,90.4,161.6,1
5440,90.4,158.1,1
5481,90.4,156.7,1
5522,90.4,156.0,1
5563,84.0,153.2,1
5604,68.5,151.1,1
5645,52.9,148.9,1
5686,40.2,144.7,1
5727,28.2,138.4,1
5768,16.2,129.2,1
5810,3.5,120.0,1
5851,0.0,113.6,1
5892,0.0,105.2,1
5933,0.0,95.3,1
5974,0.0,90.4,1
6015,0.0,88.9,1
6056,0.0,75.5,1
6097,0.0,60.7,1
6138,0.0,51.5,1
6179,1.4,43.1,1
6220,9.2,35.3,1
6261,16.2,28.9,0
6302,26.8,25.4,0
6343,32.5,22.6,0
6384,43.8,16.9,0
6425,63.5,2.8,0
6467,78.4,0.0,0
6508,89.6,0.0,0
6550,90.4,0.0,0
6591,90.4,0.0,0
6632,91.8,0.0,0
6673,96.0,0.0,0
6714,109.4,0.0,0
6755,125.6,9.9,0
6796,139.8,23.3,0
6837,151.8,39.5,0
6878,160.9,54.4,1
6920,163.8,72.7,1
6961,163.1,88.2,1
7002,160.9,90.4,1
7043,157.4,93.2,1
7084,149.6,103.8,1
7125,139.8,116.5,0
7166,129.9,126.4,0
7207,119.3,135.5,0
7248,108.0,141.2,0
7289,94.6,144.0,0
7330,90.4,148.9,1
7371,90.4,149.6,1
7412,88.2,142.6,1
7453,84.0,128.5,1
7494,65.6,105.2,0
7535,54.4,90.4,0
7577,53.6,80.5,0
7618,58.6,57.9,0
7659,74.8,42.4,0
7700,90.4,33.9,1
7741,91.1,28.9,1
7782,98.8,25.4,1
7823,101.6,20.5,1
7864,103.8,21.2,1
7905,115.1,26.8,1
7946,127.1,34.6,1
7988,136.9,46.6,1
8029,140.5,58.6,1
8070,141.2,67.1,1
8111,141.2,79.8,1
8152,141.9,90.4,1
8193,142.6,89.6,1
8234,142.6,97.4,1
8275,142.6,104.5,1
8317,142.6,113.6,1
8358,142.6,120.0,1
8399,144.7,128.5,1
8440,146.1,136.9,1
8481,145.4,144.0,1
8522,144.7,152.5,1
8563,144.0,160.2,1
8604,140.5,165.9,1
8645,136.9,171.5,1
8686,131.3,175.1,1
8727,125.6,180.0,1
8768,117.2,180.0,1
8809,108.7,180.0,1
8851,99.5,180.0,1
8892,93.9,180.0,1
8933,91.1,180.0,1
8974,90.4,180.0,1
9015,90.4,180.0,1
9056,90.4,180.0,1
9096,88.2,176.5,1
9138,86.1,171.5,1
9179,81.9,165.9,1
9220,76.9,161.6,1
9261,70.6,156.7,1
9302,64.2,151.8,1
9343,59.3,148.2,1
9384,51.5,144.7,1
9425,47.3,142.6,1
9466,45.2,140.5,1
9507,45.2,139.1,1
9549,46.6,136.9,1
9590,53.6,136.9,1
9631,63.5,139.1,0
9672,90.4,148.2,0
9713,90.4,150.4,0
9754,93.2,153.2,0
9795,93.2,151.1,0
9836,93.9,146.8,0
9878,95.3,141.9,1
9919,97.4,135.5,1
9960,99.5,122.8,1
10001,99.5,108.0,1
10042,99.5,91.1,1
10083,98.8,89.6,1
10124,99.5,74.8,1
10165,100.2,69.2,1
10206,100.2,62.8,1
10248,100.2,54.4,0
10289,100.2,45.9,0
10330,96.7,37.4,0
10371,90.4,33.9,0
10412,90.4,33.9,0
10452,87.5,33.9,1
10494,87.5,34.6,1
10536,86.1,38.1,1
10577,81.9,46.6,1
10618,76.2,55.1,1
10659,65.6,67.1,1
10700,62.1,80.5,1
10741,63.5,90.4,1
10783,67.1,90.4,1
10824,79.1,90.4,1
10865,90.4,91.1,1
10906,115.8,92.5,1
10947,125.6,93.2,1
10989,126.4,92.5,1
11030,131.3,94.6,1
11071,139.1,99.5,1
11112,148.9,105.9,1
11153,154.6,110.8,1
11194,156.0,123.5,1
11236,156.0,136.2,1
11277,155.3,148.2,1
11318,155.3,161.6,1
11359,155.3,171.5,1
11400,153.2,177.9,1
11441,150.4,180.0,1
11482,147.5,180.0,1
11523,140.5,180.0,1
11565,130.6,180.0,1
11606,119.3,180.0,1
11647,105.9,180.0,1
11688,93.2,180.0,1
11729,90.4,180.0,1
11770,90.4,180.0,1
11811,90.4,180.0,1
11851,90.4,174.4,1
11892,87.5,167.3,1
11933,81.9,158.8,1
11974,76.9,148.2,1
12015,71.3,135.5,1
12056,69.9,118.6,1
12097,70.6,101.6,1
12138,72.0,90.4,1
12180,77.6,88.9,1
12221,87.5,81.2,1
12262,90.4,74.8,1
12303,89.6,70.6,1
12344,91.8,66.4,0
12385,91.1,63.5,0
12426,91.8,60.0,0
12467,92.5,53.6,0
12508,93.2,45.9,0
12549,98.1,36.7,0
12591,106.6,30.4,0
12632,115.8,26.8,0
12673,127.1,26.8,0
12714,140.5,26.8,0
12756,148.2,28.2,0
12798,157.4,31.8,0
12839,166.6,34.6,0
12881,176.5,39.5,0
12922,180.0,44.5,0
12963,180.0,47.3,0
13004,180.0,52.2,0
13045,180.0,55.8,0
13086,180.0,62.1,0
13127,180.0,69.2,1
13168,180.0,78.4,1
13209,180.0,87.5,1
13251,180.0,90.4,1
13292,175.8,90.4,1
13333,170.8,90.4,1
13374,167.3,89.6,1
13415,161.6,93.9,1
13456,154.6,102.4,1
13498,144.0,110.8,1
13539,133.4,118.6,1
13580,121.4,121.4,1
13621,108.7,120.7,1
13662,94.6,115.1,1
13703,90.4,100.9,1
13744,90.4,90.4,1
13785,90.4,79.8,1
13827,93.2,62.1,1
13868,93.2,48.7,1
13909,93.2,36.7,1
13951,93.2,30.4,0
13992,93.9,27.5,0
14033,96.7,23.3,0
14074,106.6,21.2,0
14116,117.9,19.1,0
14157,128.5,19.1,0
14198,129.9,19.8,0
14239,129.2,23.3,0
14281,125.6,33.9,0
14322,117.9,48.7,0
14363,106.6,65.6,0
14404,93.2,88.9,0
14445,90.4,90.4,0
14486,90.4,90.4,0
14527,90.4,90.4,0
14567,90.4,90.4,0
14608,90.4,90.4,0
14648,90.4,90.4,0
14689,90.4,90.4,0
14729,90.4,90.4,0
14770,90.4,90.4,0
14810,90.4,90.4,0
14851,90.4,90.4,0
14892,90.4,90.4,0
14932,90.4,90.4,0
14973,90.4,90.4,0
15013,90.4,90.4,0
15054,90.4,90.4,0
15094,90.4,90.4,0
15135,90.4,90.4,0
15176,90.4,90.4,0
15216,90.4,90.4,0
15257,90.4,90.4,0
15297,90.4,90.4,0
15338,90.4,90.4,0
15379,90.4,90.4,0
15419,90.4,90.4,0
15460,90.4,90.4,0
15500,90.4,90.4,0
15541,90.4,90.4,0
15582,90.4,90.4,0
15622,90.4,90.4,0
15663,90.4,90.4,0
15703,90.4,90.4,0
15744,90.4,90.4,0
15785,90.4,90.4,0
15825,90.4,90.4,0
15866,90.4,90.4,0
15906,90.4,90.4,0
15947,90.4,90.4,0
15987,90.4,90.4,0
16028,90.4,90.4,0
16069,90.4,90.4,0
16109,90.4,90.4,0
16150,90.4,90.4,0
16190,90.4,90.4,0
16231,90.4,90.4,0
16271,90.4,90.4,0
16312,90.4,90.4,0
16353,90.4,90.4,0
16393,90.4,90.4,0
16434,90.4,90.4,0
16474,90.4,90.4,0
16515,90.4,90.4,0
16555,90.4,90.4,0
16596,90.4,90.4,0
16637,90.4,90.4,0
16677,90.4,90.4,0
16718,90.4,90.4,0
16758,90.4,90.4,0
16799,90.4,90.4,0
16839,90.4,90.4,0
16880,90.4,90.4,0
16920,90.4,90.4,0
16961,90.4,90.4,0
17001,90.4,90.4,0
17042,90.4,90.4,0
17083,90.4,90.4,0
17123,90.4,90.4,0
17164,90.4,90.4,0
17205,90.4,90.4,0
17245,90.4,90.4,0
17286,90.4,90.4,0
17326,90.4,90.4,0
17367,90.4,90.4,0
17408,90.4,90.4,0
17448,90.4,90.4,0
17489,90.4,90.4,0
